
drop table if exists public.chats_messages;
drop table if exists public.messages_chats;

create schema if not exists transaction;
create schema if not exists conversation;
create schema if not exists users;
create schema if not exists notification;
create schema if not exists schedule;

---------------<<<<<<<<<<<<<<<<<<<<<  users >>>>>>>>>>>>>>>>>>>>>>>>>>>>>>---------------------
insert into users.users values ('c45ab69a-057f-43ae-95b4-e8e7300c4e84','2021-02-05','c45ab69a-057f-43ae-95b4-e8e7300c4e84',0,0, now(), '158691', '2003-10-25','islomjonisoqov@gmail.com','2025-02-03', 'Islomjon',true, false, 'Isoqov' ,now(),'111','+998976990897','link','STUDENT',300,1,'i');
insert into users.users values ('0a7c8fe5-1291-4043-855b-c937b9371889','2021-01-21','c45ab69a-057f-43ae-95b4-e8e7300c4e84',0,0, now(), '158692', '2001-09-13','abdumajidabdullatipov1@gmail.com','2025-02-03', 'Abdumajid',true,false, 'Abdullatipov',now(),'111','+998900032869','link','ADMIN',300,1,'a');
insert into users.users values ('f1a897aa-7ce0-4695-a3d6-977eaed981f0','2021-01-13','c45ab69a-057f-43ae-95b4-e8e7300c4e84',0,0, now(), '158693', '1999-03-07','bonu.shirinkulova@gmail.com', '2025-02-03', 'Madina',true,false,'Shirinkulova' ,now(),'111','+998903501429','link','TEACHER',300,1,'m');
insert into users.users values ('66f4acdb-3e8c-4a83-8000-80dc1bb644db','2021-01-04','c45ab69a-057f-43ae-95b4-e8e7300c4e84',0,0, now(), '158694', '1998-04-12','muhammadhusanov98@gmail.com', '2025-02-03', 'Muhammad',true,false,'Husanov',now(),'111','+998903501428','link','ADMIN',300,1,'muhammad');
insert into users.users values ('6d47e929-fcca-4607-9601-9d5d2ff98a83','2021-02-07','c45ab69a-057f-43ae-95b4-e8e7300c4e84',0,0, now(), '158695', '2000-09-14','bobur1@gmail.com', '2025-02-03','Bobur',true,false, 'Familya',now(),'111','+998330330613','link','SUPER_ADMIN',300,1,'b');
insert into users.users values ('92a73cbb-7b5f-43a7-b45b-41ceb2aaad1e','2021-02-06','c45ab69a-057f-43ae-95b4-e8e7300c4e84',0,0, now(), '158696', '2001-09-10', 'avaz1@gmail.com', '2025-02-03','Avaz',true,false, 'Absamatov',now(),'111','phoneNumber','link','TEACHER',300,1,'avaz');

---------------<<<<<<<<<<<<<<<<<<<<<  mentee >>>>>>>>>>>>>>>>>>>>>>>>>>>>>>---------------------
insert into users.mentees values ('3bee766e-8351-4ac5-b9f7-1de3218eb9cb',now(),'c45ab69a-057f-43ae-95b4-e8e7300c4e84',0,0,now(),1, 'ELEMENTARY', 'c45ab69a-057f-43ae-95b4-e8e7300c4e84');

---------------<<<<<<<<<<<<<<<<<<<<<  mentor >>>>>>>>>>>>>>>>>>>>>>>>>>>>>>---------------------
insert into users.mentors values ('f0df1456-e4fb-4b9d-9bf1-30bd292ae2b4', now(), 'c45ab69a-057f-43ae-95b4-e8e7300c4e84', 0, 0, now(), 'link', 'aaaa', 2, 1, 5,'92a73cbb-7b5f-43a7-b45b-41ceb2aaad1e');
insert into users.mentors values ('1b03e87c-e042-4497-8467-a4e44b515fba', now(), 'c45ab69a-057f-43ae-95b4-e8e7300c4e84', 0, 0, now(), 'link', 'aaaa', 2, 1, 5,'f1a897aa-7ce0-4695-a3d6-977eaed981f0');

---------------<<<<<<<<<<<<<<<<<<<<<  chats >>>>>>>>>>>>>>>>>>>>>>>>>>>>>>---------------------
insert into conversation.chats values ('a627ed7f-314f-440b-baba-fc9e9f2ff0c1',now(),'c45ab69a-057f-43ae-95b4-e8e7300c4e84',0,0,now(),'3bee766e-8351-4ac5-b9f7-1de3218eb9cb','f0df1456-e4fb-4b9d-9bf1-30bd292ae2b4');

---------------<<<<<<<<<<<<<<<<<<<<<  message >>>>>>>>>>>>>>>>>>>>>>>>>>>>>>---------------------
insert into conversation.messages (id,from_id,status,chat_id, created_at, created_by_id, updated_at, body, is_read) values ('f22119fb-b2f2-4d20-84fc-fac9dc1abeed','c45ab69a-057f-43ae-95b4-e8e7300c4e84', 0,'a627ed7f-314f-440b-baba-fc9e9f2ff0c1','04-04-2021', 'c45ab69a-057f-43ae-95b4-e8e7300c4e84', null, 'amet nunc viverra dapibus nulla', false);
insert into conversation.messages (id,from_id,status,chat_id, created_at, created_by_id, updated_at, body, is_read) values ('c6ccd468-9de4-4cb8-9cca-ae383da4a2ae','c45ab69a-057f-43ae-95b4-e8e7300c4e84', 0,'a627ed7f-314f-440b-baba-fc9e9f2ff0c1','20-03-2021', 'c45ab69a-057f-43ae-95b4-e8e7300c4e84', null, 'a odio in hac', false);
insert into conversation.messages (id,from_id,status,chat_id, created_at, created_by_id, updated_at, body, is_read) values ('4b5178b1-2d28-4ba9-8d85-910efc15ca02','c45ab69a-057f-43ae-95b4-e8e7300c4e84', 0,'a627ed7f-314f-440b-baba-fc9e9f2ff0c1','18-05-2021', 'c45ab69a-057f-43ae-95b4-e8e7300c4e84', null, 'aenean sit amet', true);
insert into conversation.messages (id,from_id,status,chat_id, created_at, created_by_id, updated_at, body, is_read) values ('e3ea0c0c-4bf0-45fc-940e-75070e450c91','c45ab69a-057f-43ae-95b4-e8e7300c4e84', 0,'a627ed7f-314f-440b-baba-fc9e9f2ff0c1','14-05-2021', 'c45ab69a-057f-43ae-95b4-e8e7300c4e84', null, 'laoreet ut', true);
insert into conversation.messages (id,from_id,status,chat_id, created_at, created_by_id, updated_at, body, is_read) values ('bc2c37dc-323b-4586-97a3-779ae814f2ff','c45ab69a-057f-43ae-95b4-e8e7300c4e84', 0,'a627ed7f-314f-440b-baba-fc9e9f2ff0c1','17-05-2021', 'c45ab69a-057f-43ae-95b4-e8e7300c4e84', null, 'pharetra magna ac consequat', true);
insert into conversation.messages (id,from_id,status,chat_id, created_at, created_by_id, updated_at, body, is_read) values ('86ffdb2d-68e6-4b7e-8593-d6a2b72a4706','c45ab69a-057f-43ae-95b4-e8e7300c4e84', 0,'a627ed7f-314f-440b-baba-fc9e9f2ff0c1','01-04-2021', 'c45ab69a-057f-43ae-95b4-e8e7300c4e84', null, 'massa donec dapibus duis', false);
insert into conversation.messages (id,from_id,status,chat_id, created_at, created_by_id, updated_at, body, is_read) values ('4f369008-3160-45a6-9179-779d253b8920','c45ab69a-057f-43ae-95b4-e8e7300c4e84', 0,'a627ed7f-314f-440b-baba-fc9e9f2ff0c1','25-04-2021', 'c45ab69a-057f-43ae-95b4-e8e7300c4e84', null, 'odio porttitor', true);
insert into conversation.messages (id,from_id,status,chat_id, created_at, created_by_id, updated_at, body, is_read) values ('f9668669-40ab-4221-bb29-da06513953f0','c45ab69a-057f-43ae-95b4-e8e7300c4e84', 0,'a627ed7f-314f-440b-baba-fc9e9f2ff0c1','27-04-2021', 'c45ab69a-057f-43ae-95b4-e8e7300c4e84', null, 'amet sapien dignissim vestibulum vestibulum', true);
insert into conversation.messages (id,from_id,status,chat_id, created_at, created_by_id, updated_at, body, is_read) values ('0d8454ae-43e0-4e21-82f9-1b2449a0a60f','c45ab69a-057f-43ae-95b4-e8e7300c4e84', 0,'a627ed7f-314f-440b-baba-fc9e9f2ff0c1','26-04-2021', 'c45ab69a-057f-43ae-95b4-e8e7300c4e84', null, 'proin risus praesent lectus vestibulum', false);
insert into conversation.messages (id,from_id,status,chat_id, created_at, created_by_id, updated_at, body, is_read) values ('b31708eb-efa1-476f-b09d-073f9622578d','c45ab69a-057f-43ae-95b4-e8e7300c4e84', 0,'a627ed7f-314f-440b-baba-fc9e9f2ff0c1','04-03-2021', 'c45ab69a-057f-43ae-95b4-e8e7300c4e84', null, 'semper porta volutpat', true);
insert into conversation.messages (id,from_id,status,chat_id, created_at, created_by_id, updated_at, body, is_read) values ('409730c2-4e29-4712-9a8a-89ab9d0f0734','c45ab69a-057f-43ae-95b4-e8e7300c4e84', 0,'a627ed7f-314f-440b-baba-fc9e9f2ff0c1','11-05-2021', 'c45ab69a-057f-43ae-95b4-e8e7300c4e84', null, 'tristique in tempus', true);
insert into conversation.messages (id,from_id,status,chat_id, created_at, created_by_id, updated_at, body, is_read) values ('3d86d66c-60e8-453e-9bac-ea61ef9ab1f5','c45ab69a-057f-43ae-95b4-e8e7300c4e84', 0,'a627ed7f-314f-440b-baba-fc9e9f2ff0c1','22-04-2021', 'c45ab69a-057f-43ae-95b4-e8e7300c4e84', null, 'in blandit', true);
insert into conversation.messages (id,from_id,status,chat_id, created_at, created_by_id, updated_at, body, is_read) values ('ca4b5475-9a11-4b16-a45c-b8a2bb78e9c2','c45ab69a-057f-43ae-95b4-e8e7300c4e84', 0,'a627ed7f-314f-440b-baba-fc9e9f2ff0c1','07-03-2021', 'c45ab69a-057f-43ae-95b4-e8e7300c4e84', null, 'odio justo sollicitudin ut', false);
insert into conversation.messages (id,from_id,status,chat_id, created_at, created_by_id, updated_at, body, is_read) values ('e95b4164-00b6-409e-bfbb-759bdd6235be','c45ab69a-057f-43ae-95b4-e8e7300c4e84', 0,'a627ed7f-314f-440b-baba-fc9e9f2ff0c1','31-03-2021', 'c45ab69a-057f-43ae-95b4-e8e7300c4e84', null, 'a suscipit nulla', true);
insert into conversation.messages (id,from_id,status,chat_id, created_at, created_by_id, updated_at, body, is_read) values ('1daeb29b-3833-4d6d-9ca3-acd30a10104a','c45ab69a-057f-43ae-95b4-e8e7300c4e84', 0,'a627ed7f-314f-440b-baba-fc9e9f2ff0c1','15-03-2021', 'c45ab69a-057f-43ae-95b4-e8e7300c4e84', null, 'donec quis orci eget orci', true);
insert into conversation.messages (id,from_id,status,chat_id, created_at, created_by_id, updated_at, body, is_read) values ('eb11e633-ffd0-4300-a690-9fbd1a9329b4','c45ab69a-057f-43ae-95b4-e8e7300c4e84', 0,'a627ed7f-314f-440b-baba-fc9e9f2ff0c1','23-04-2021', 'c45ab69a-057f-43ae-95b4-e8e7300c4e84', null, 'curae donec pharetra magna', false);
insert into conversation.messages (id,from_id,status,chat_id, created_at, created_by_id, updated_at, body, is_read) values ('f99dbb69-65b7-44bd-ab7d-35e224b81fe1','c45ab69a-057f-43ae-95b4-e8e7300c4e84', 0,'a627ed7f-314f-440b-baba-fc9e9f2ff0c1','15-05-2021', 'c45ab69a-057f-43ae-95b4-e8e7300c4e84', null, 'in hac', false);
insert into conversation.messages (id,from_id,status,chat_id, created_at, created_by_id, updated_at, body, is_read) values ('04549a90-7876-4c01-942d-050daf689be8','c45ab69a-057f-43ae-95b4-e8e7300c4e84', 0,'a627ed7f-314f-440b-baba-fc9e9f2ff0c1','09-03-2021', 'c45ab69a-057f-43ae-95b4-e8e7300c4e84', null, 'eu magna', false);
insert into conversation.messages (id,from_id,status,chat_id, created_at, created_by_id, updated_at, body, is_read) values ('5a2436de-1364-40a9-9312-80f40ddf673c','c45ab69a-057f-43ae-95b4-e8e7300c4e84', 0,'a627ed7f-314f-440b-baba-fc9e9f2ff0c1','06-04-2021', 'c45ab69a-057f-43ae-95b4-e8e7300c4e84', null, 'erat curabitur', true);
insert into conversation.messages (id,from_id,status,chat_id, created_at, created_by_id, updated_at, body, is_read) values ('3da63a97-0f09-47f1-96dd-bd2d9ca5a251','c45ab69a-057f-43ae-95b4-e8e7300c4e84', 0,'a627ed7f-314f-440b-baba-fc9e9f2ff0c1','27-03-2021', 'c45ab69a-057f-43ae-95b4-e8e7300c4e84', null, 'erat nulla tempus vivamus', true);
insert into conversation.messages (id,from_id,status,chat_id, created_at, created_by_id, updated_at, body, is_read) values ('bbcf0440-7be7-4e15-b760-f1e881451558','92a73cbb-7b5f-43a7-b45b-41ceb2aaad1e', 0,'a627ed7f-314f-440b-baba-fc9e9f2ff0c1','30-03-2021', '92a73cbb-7b5f-43a7-b45b-41ceb2aaad1e', null, 'orci eget orci vehicula condimentum', false);
insert into conversation.messages (id,from_id,status,chat_id, created_at, created_by_id, updated_at, body, is_read) values ('55d7f5d8-1bd0-4f51-a28e-0940060ec8fb','92a73cbb-7b5f-43a7-b45b-41ceb2aaad1e', 0,'a627ed7f-314f-440b-baba-fc9e9f2ff0c1','19-03-2021', '92a73cbb-7b5f-43a7-b45b-41ceb2aaad1e', null, 'erat volutpat in', false);
insert into conversation.messages (id,from_id,status,chat_id, created_at, created_by_id, updated_at, body, is_read) values ('e000e34b-3242-4a98-9b21-7251050c3898','92a73cbb-7b5f-43a7-b45b-41ceb2aaad1e', 0,'a627ed7f-314f-440b-baba-fc9e9f2ff0c1','26-04-2021', '92a73cbb-7b5f-43a7-b45b-41ceb2aaad1e', null, 'ante nulla justo aliquam quis', true);
insert into conversation.messages (id,from_id,status,chat_id, created_at, created_by_id, updated_at, body, is_read) values ('701521ff-e69a-43a0-ba5c-d69f33cf844e','92a73cbb-7b5f-43a7-b45b-41ceb2aaad1e', 0,'a627ed7f-314f-440b-baba-fc9e9f2ff0c1','01-04-2021', '92a73cbb-7b5f-43a7-b45b-41ceb2aaad1e', null, 'pellentesque eget nunc donec quis', false);
insert into conversation.messages (id,from_id,status,chat_id, created_at, created_by_id, updated_at, body, is_read) values ('39b56f94-670c-47fa-b4e0-b20bd9ac69f6','92a73cbb-7b5f-43a7-b45b-41ceb2aaad1e', 0,'a627ed7f-314f-440b-baba-fc9e9f2ff0c1','28-02-2021', '92a73cbb-7b5f-43a7-b45b-41ceb2aaad1e', null, 'vel pede morbi', true);
insert into conversation.messages (id,from_id,status,chat_id, created_at, created_by_id, updated_at, body, is_read) values ('845f6bc8-ac09-440b-859d-861054c35c8d','92a73cbb-7b5f-43a7-b45b-41ceb2aaad1e', 0,'a627ed7f-314f-440b-baba-fc9e9f2ff0c1','19-05-2021', '92a73cbb-7b5f-43a7-b45b-41ceb2aaad1e', null, 'at velit vivamus vel', false);
insert into conversation.messages (id,from_id,status,chat_id, created_at, created_by_id, updated_at, body, is_read) values ('683b94eb-e3f2-4bff-83a4-e43d12987fbe','92a73cbb-7b5f-43a7-b45b-41ceb2aaad1e', 0,'a627ed7f-314f-440b-baba-fc9e9f2ff0c1','26-02-2021', '92a73cbb-7b5f-43a7-b45b-41ceb2aaad1e', null, 'nibh ligula nec sem duis', false);
insert into conversation.messages (id,from_id,status,chat_id, created_at, created_by_id, updated_at, body, is_read) values ('7f098325-e752-4aae-b14c-360600ef44dd','92a73cbb-7b5f-43a7-b45b-41ceb2aaad1e', 0,'a627ed7f-314f-440b-baba-fc9e9f2ff0c1','21-04-2021', '92a73cbb-7b5f-43a7-b45b-41ceb2aaad1e', null, 'porta volutpat', false);
insert into conversation.messages (id,from_id,status,chat_id, created_at, created_by_id, updated_at, body, is_read) values ('193cd447-a913-434d-ad0e-d74a42e852bd','92a73cbb-7b5f-43a7-b45b-41ceb2aaad1e', 0,'a627ed7f-314f-440b-baba-fc9e9f2ff0c1','27-02-2021', '92a73cbb-7b5f-43a7-b45b-41ceb2aaad1e', null, 'eros viverra', true);
insert into conversation.messages (id,from_id,status,chat_id, created_at, created_by_id, updated_at, body, is_read) values ('cb5c7dcc-6de3-463b-9fa2-e81a20d7d943','92a73cbb-7b5f-43a7-b45b-41ceb2aaad1e', 0,'a627ed7f-314f-440b-baba-fc9e9f2ff0c1','23-04-2021', '92a73cbb-7b5f-43a7-b45b-41ceb2aaad1e', null, 'consequat lectus', false);
insert into conversation.messages (id,from_id,status,chat_id, created_at, created_by_id, updated_at, body, is_read) values ('0e42ccf5-b258-4273-a051-2bec4654364a','92a73cbb-7b5f-43a7-b45b-41ceb2aaad1e', 0,'a627ed7f-314f-440b-baba-fc9e9f2ff0c1','07-04-2021', '92a73cbb-7b5f-43a7-b45b-41ceb2aaad1e', null, 'arcu adipiscing molestie hendrerit at', true);
insert into conversation.messages (id,from_id,status,chat_id, created_at, created_by_id, updated_at, body, is_read) values ('a2981f4e-66f5-4e18-b270-3fc46e042ba0','92a73cbb-7b5f-43a7-b45b-41ceb2aaad1e', 0,'a627ed7f-314f-440b-baba-fc9e9f2ff0c1','13-05-2021', '92a73cbb-7b5f-43a7-b45b-41ceb2aaad1e', null, 'nulla ac enim', false);
insert into conversation.messages (id,from_id,status,chat_id, created_at, created_by_id, updated_at, body, is_read) values ('41df09cb-c510-4ae4-8269-f75b836d5825','92a73cbb-7b5f-43a7-b45b-41ceb2aaad1e', 0,'a627ed7f-314f-440b-baba-fc9e9f2ff0c1','04-04-2021', '92a73cbb-7b5f-43a7-b45b-41ceb2aaad1e', null, 'pellentesque at', false);
insert into conversation.messages (id,from_id,status,chat_id, created_at, created_by_id, updated_at, body, is_read) values ('b21c5c3d-a855-4e5e-bb51-08f7bd7d6ea4','92a73cbb-7b5f-43a7-b45b-41ceb2aaad1e', 0,'a627ed7f-314f-440b-baba-fc9e9f2ff0c1','02-04-2021', '92a73cbb-7b5f-43a7-b45b-41ceb2aaad1e', null, 'tempus semper est quam', true);
insert into conversation.messages (id,from_id,status,chat_id, created_at, created_by_id, updated_at, body, is_read) values ('1535d88f-7030-4683-8ea7-a501ed27d408','92a73cbb-7b5f-43a7-b45b-41ceb2aaad1e', 0,'a627ed7f-314f-440b-baba-fc9e9f2ff0c1','09-03-2021', '92a73cbb-7b5f-43a7-b45b-41ceb2aaad1e', null, 'ligula pellentesque ultrices phasellus id', false);
insert into conversation.messages (id,from_id,status,chat_id, created_at, created_by_id, updated_at, body, is_read) values ('ff18d364-e978-42a8-b375-c5778c70d83f','92a73cbb-7b5f-43a7-b45b-41ceb2aaad1e', 0,'a627ed7f-314f-440b-baba-fc9e9f2ff0c1','04-04-2021', '92a73cbb-7b5f-43a7-b45b-41ceb2aaad1e', null, 'ante vel ipsum praesent blandit', false);
insert into conversation.messages (id,from_id,status,chat_id, created_at, created_by_id, updated_at, body, is_read) values ('9b058201-34d3-4b1b-afca-63acac752da0','92a73cbb-7b5f-43a7-b45b-41ceb2aaad1e', 0,'a627ed7f-314f-440b-baba-fc9e9f2ff0c1','30-04-2021', '92a73cbb-7b5f-43a7-b45b-41ceb2aaad1e', null, 'ut erat id', false);
insert into conversation.messages (id,from_id,status,chat_id, created_at, created_by_id, updated_at, body, is_read) values ('621db8c7-5fe3-4cee-b83e-db781d3fa477','92a73cbb-7b5f-43a7-b45b-41ceb2aaad1e', 0,'a627ed7f-314f-440b-baba-fc9e9f2ff0c1','17-04-2021', '92a73cbb-7b5f-43a7-b45b-41ceb2aaad1e', null, 'etiam pretium', true);
insert into conversation.messages (id,from_id,status,chat_id, created_at, created_by_id, updated_at, body, is_read) values ('8795ccdc-2722-4b65-8737-3cb94affd07a','92a73cbb-7b5f-43a7-b45b-41ceb2aaad1e', 0,'a627ed7f-314f-440b-baba-fc9e9f2ff0c1','03-03-2021', '92a73cbb-7b5f-43a7-b45b-41ceb2aaad1e', null, 'vivamus tortor duis mattis', true);
insert into conversation.messages (id,from_id,status,chat_id, created_at, created_by_id, updated_at, body, is_read) values ('541213f6-846e-49fc-9618-5ce5f825b68f','92a73cbb-7b5f-43a7-b45b-41ceb2aaad1e', 0,'a627ed7f-314f-440b-baba-fc9e9f2ff0c1','07-03-2021', '92a73cbb-7b5f-43a7-b45b-41ceb2aaad1e', null, 'felis sed', true);
insert into conversation.messages (id,from_id,status,chat_id, created_at, created_by_id, updated_at, body, is_read) values ('d64556fd-7b23-4544-aadf-8075a360dfbd','92a73cbb-7b5f-43a7-b45b-41ceb2aaad1e', 0,'a627ed7f-314f-440b-baba-fc9e9f2ff0c1','31-03-2021', '92a73cbb-7b5f-43a7-b45b-41ceb2aaad1e', null, 'leo rhoncus sed vestibulum', false);
insert into conversation.messages (id,from_id,status,chat_id, created_at, created_by_id, updated_at, body, is_read) values ('8740f91e-6d13-4563-8be9-9a7e860657f1','92a73cbb-7b5f-43a7-b45b-41ceb2aaad1e', 0,'a627ed7f-314f-440b-baba-fc9e9f2ff0c1','15-05-2021', '92a73cbb-7b5f-43a7-b45b-41ceb2aaad1e', null, 'potenti in eleifend', false);
insert into conversation.messages (id,from_id,status,chat_id, created_at, created_by_id, updated_at, body, is_read) values ('0f1c733c-ceaa-4240-a1ba-23ffd81a4bae','92a73cbb-7b5f-43a7-b45b-41ceb2aaad1e', 0,'a627ed7f-314f-440b-baba-fc9e9f2ff0c1','28-02-2021', '92a73cbb-7b5f-43a7-b45b-41ceb2aaad1e', null, 'nulla neque libero convallis eget', true);
insert into conversation.messages (id,from_id,status,chat_id, created_at, created_by_id, updated_at, body, is_read) values ('a0e77c92-1438-4d29-b430-42071bd21937','92a73cbb-7b5f-43a7-b45b-41ceb2aaad1e', 0,'a627ed7f-314f-440b-baba-fc9e9f2ff0c1','10-05-2021', '92a73cbb-7b5f-43a7-b45b-41ceb2aaad1e', null, 'pulvinar nulla', true);
insert into conversation.messages (id,from_id,status,chat_id, created_at, created_by_id, updated_at, body, is_read) values ('3573c163-dcb7-4e37-80d4-ad79976ea940','92a73cbb-7b5f-43a7-b45b-41ceb2aaad1e', 0,'a627ed7f-314f-440b-baba-fc9e9f2ff0c1','26-02-2021', '92a73cbb-7b5f-43a7-b45b-41ceb2aaad1e', null, 'faucibus cursus urna ut tellus', true);
insert into conversation.messages (id,from_id,status,chat_id, created_at, created_by_id, updated_at, body, is_read) values ('158bdf5d-54eb-46db-9199-b669ce8a8f74','92a73cbb-7b5f-43a7-b45b-41ceb2aaad1e', 0,'a627ed7f-314f-440b-baba-fc9e9f2ff0c1','09-04-2021', '92a73cbb-7b5f-43a7-b45b-41ceb2aaad1e', null, 'faucibus orci', false);
insert into conversation.messages (id,from_id,status,chat_id, created_at, created_by_id, updated_at, body, is_read) values ('305c4305-de0b-4b26-b5a9-556cbf993e97','92a73cbb-7b5f-43a7-b45b-41ceb2aaad1e', 0,'a627ed7f-314f-440b-baba-fc9e9f2ff0c1','04-03-2021', '92a73cbb-7b5f-43a7-b45b-41ceb2aaad1e', null, 'porttitor id consequat in', true);
insert into conversation.messages (id,from_id,status,chat_id, created_at, created_by_id, updated_at, body, is_read) values ('6c71b380-e5fd-4b31-a8b7-de84c61c97e9','92a73cbb-7b5f-43a7-b45b-41ceb2aaad1e', 0,'a627ed7f-314f-440b-baba-fc9e9f2ff0c1','24-05-2021', '92a73cbb-7b5f-43a7-b45b-41ceb2aaad1e', null, 'donec posuere metus vitae', false);
insert into conversation.messages (id,from_id,status,chat_id, created_at, created_by_id, updated_at, body, is_read) values ('9c0f255e-957a-48f2-baee-7816c53008f1','92a73cbb-7b5f-43a7-b45b-41ceb2aaad1e', 0,'a627ed7f-314f-440b-baba-fc9e9f2ff0c1','18-05-2021', '92a73cbb-7b5f-43a7-b45b-41ceb2aaad1e', null, 'diam cras pellentesque volutpat dui', true);
insert into conversation.messages (id,from_id,status,chat_id, created_at, created_by_id, updated_at, body, is_read) values ('7bdb3cf1-a5f8-43d9-bd22-96b1c95e3b84','92a73cbb-7b5f-43a7-b45b-41ceb2aaad1e', 0,'a627ed7f-314f-440b-baba-fc9e9f2ff0c1','16-04-2021', '92a73cbb-7b5f-43a7-b45b-41ceb2aaad1e', null, 'lectus suspendisse potenti in', true);









